[
  {
      "name":"Rose",
      "price":500,
      "quantity":25,
      "likes":122,
      "imageUrl":"../../assets/image/rose.jpeg"
  },
  {
      "name":"Aster",
      "price":100,
      "quantity":53,
      "likes":123,
      "imageUrl":"../../assets/image/aster.jpeg"
  },
  {
      "name":"Lotus",
      "price":800,
      "quantity":51,
      "likes":102,
      "imageUrl":"../../assets/image/lotus.jpg"
  },

  {
      "name":"Rose",
      "price":500,
      "quantity":25,
      "likes":122,
      "imageUrl":"../../assets/image/rose.jpeg"
  },
  {
      "name":"dahlia",
      "price":100,
      "quantity":53,
      "likes":123,
      "imageUrl":"../../assets/image/dahlia.jpg"
  },
  {
      "name":"Lotus",
      "price":800,
      "quantity":51,
      "likes":102,
      "imageUrl":"../../assets/image/lotus.jpg"
  },
  {
      "name":"gerbera",
      "price":800,
      "quantity":51,
      "likes":102,
      "imageUrl":"../../assets/image/gerbera.jpeg"
  },
  {
      "name":"marigold",
      "price":800,
      "quantity":51,
      "likes":102,
      "imageUrl":"../../assets/image/marigold.jpg"
  },
  {
      "name":"Lotus",
      "price":800,
      "quantity":51,
      "likes":102,
      "imageUrl":"../../assets/image/lotuss.jpg"
  },
  {
      "name":"Daisy",
      "price":800,
      "quantity":51,
      "likes":102,
      "imageUrl":"../../assets/image/Daisy.jpg"
  },
  {
      "name":"Aster",
      "price":800,
      "quantity":51,
      "likes":102,
      "imageUrl":"../../assets/image/aster.jpeg"
  },
  {
      "name":"tulip",
      "price":800,
      "quantity":51,
      "likes":102,
      "imageUrl":"../../assets/image/tulip.jpg"
  }

  ]
